frames_mean,frames_median,frames_std,frames_min,frames_max,distance_mean,distance_median,distance_std,distance_min,distance_max,fitness_mean,fitness_median,fitness_std,fitness_min,fitness_max,wins_mean,wins_median,wins_std,wins_min,wins_max
179.7,182.0,14.021768789992224,147.0,207.0,118.4,40.0,119.86842786989408,40.0,313.0,8758.069799831756,1e-05,13428.247302553242,1e-05,31761.87217641555,0.0,0.0,0.0,0.0,0.0
192.48888888888888,173.0,49.2057459256413,147.0,405.0,272.8777777777778,300.0,67.36036219514952,94.0,313.0,25126.273219323768,29025.830307389122,9549.856819437788,2084.88907922185,31761.87217641555,0.0,0.0,0.0,0.0,0.0
