frames_mean,frames_median,frames_std,frames_min,frames_max,distance_mean,distance_median,distance_std,distance_min,distance_max,fitness_mean,fitness_median,fitness_std,fitness_min,fitness_max,wins_mean,wins_median,wins_std,wins_min,wins_max
208.3,182.0,78.9,182.0,445.0,72.9,40.0,98.70000000000002,40.0,369.0,3486.1847625674063,1e-05,10458.554257702217,1e-05,34861.84753567405,0.0,0.0,0.0,0.0,0.0
204.2,182.0,34.14322773259728,182.0,272.0,105.4,40.0,97.75193092722004,40.0,297.0,6030.407446654301,1e-05,10548.979778392333,1e-05,27896.635869224443,0.0,0.0,0.0,0.0,0.0
183.5,182.0,4.5,182.0,197.0,65.3,40.0,75.89999999999999,40.0,293.0,2730.020942795957,1e-05,8190.062798387872,1e-05,27300.20933795957,0.0,0.0,0.0,0.0,0.0
